<entry>
    <name>Soft Shadows</name>
    <group>DirectX 9</group>
    <description><![CDATA[This sample shows how to use conditional branching to compute filtered soft shadows efficiently.  This technique could also be applied to accelerate other filtering algorithms to increase performance significantly on GPUs that support Shader Model 3.0.]]></description>
    <project_path>DEMOS\Direct3D9\src\HLSL_SoftShadows</project_path>
    <screenshot_sm>docs\sshot_sm.png</screenshot_sm>
    <screenshot_md>docs\sshot_md.png</screenshot_md>
    <screenshot_lg>docs\sshot_lg.png</screenshot_lg>
    <userguide>docs\HLSL_SoftShadows_userguide.pdf</userguide>
    <whitepaper>docs\HLSL_SoftShadows.pdf</whitepaper>
    <executable>DEMOS\Direct3D9\bin\release\HLSL_SoftShadows.exe</executable>
    <minspec>GeForce FX</minspec>
    <keywords>shadow mapping soft shadows</keywords>
    <featured_date>040902</featured_date>
</entry>
